{
   "dashboards": [
      {
         "autoswitchEnabled": false,
         "columnCount": 1,
         "columnProportion": "1",
         "creationTime": 1544791819922,
         "dashboardNavigations": {},
         "description": "",
         "disabled": false,
         "gridsterMaxColumns": 12,
         "hidden": false,
         "homeTab": false,
         "id": "befcbcbd-95af-4fed-9893-094c409e9731",
         "importAttempts": 0,
         "importComplete": true,
         "isDefault": false,
         "locked": false,
         "name": "Environmental Impact",
         "rank": 79,
         "shared": true,
         "temporary": false,
         "userId": "4ecd17af-2bd9-44ef-977d-877c795dfcf9",
         "widgetInteractions": [],
         "widgets": [
            {
               "collapsed": false,
               "config": {
                  "configs": [{
                     "attributeKind": {"value": ""},
                     "color": {
                        "maxValue": 1,
                        "minValue": 0,
                        "thresholds": {
                           "colors": [
                              "#00ff00",
                              "#FF9900",
                              "#ff0000"
                           ],
                           "values": [
                              0,
                              50,
                              100
                           ]
                        }
                     },
                     "colorBy": {
                        "metricKey": "Super Metric|sm_6e30e9bb-ad72-46b9-8349-6b15ad37000f",
                        "value": "Super Metric|CO2 Emission by Idle VMs (Kg)"
                     },
                     "focusOnGroups": true,
                     "groupBy": {
                        "id": "004null002006VMWAREDatacenter",
                        "originalText": "Datacenter",
                        "parentId": "VMWARE",
                        "parentText": "vCenter Adapter",
                        "text": "Datacenter",
                        "type": "resourceKind",
                        "typeId": "resourceKind:id:0_::_"
                     },
                     "mode": {"mode": false},
                     "name": "Wasted Power",
                     "relationalGrouping": false,
                     "resourceKind": "resourceKind:id:1_::_",
                     "sizeBy": {
                        "metricKey": "summary|total_number_hosts",
                        "value": "Summary|Total Number of Hosts"
                     },
                     "solidColoring": false,
                     "tagFilter": null,
                     "thenBy": null
                  }],
                  "refreshContent": {"refreshContent": false},
                  "refreshInterval": 300,
                  "title": "CO2 Emission from Idle VMs",
                  "value": 0
               },
               "gridsterCoords": {
                  "h": 8,
                  "w": 6,
                  "x": 1,
                  "y": 6
               },
               "height": 438,
               "id": "0e4e47f6-26b3-4789-afc8-355c042b3659",
               "states": [
                  {
                     "key": "permBtn_showTextBtn_perm_HeatMap_widget_befcbcbd-95af-4fed-9893-094c409e9731_0e4e47f6-26b3-4789-afc8-355c042b3659",
                     "value": "b%3A0"
                  },
                  {
                     "key": "perm_toolbarVisible_widget_befcbcbd-95af-4fed-9893-094c409e9731_0e4e47f6-26b3-4789-afc8-355c042b3659",
                     "value": "b%3A0"
                  },
                  {
                     "key": "perm_HeatMap_widget_befcbcbd-95af-4fed-9893-094c409e9731_0e4e47f6-26b3-4789-afc8-355c042b3659",
                     "value": "o%3A"
                  },
                  {
                     "key": "permBtn_zoomInBtn_perm_HeatMap_widget_befcbcbd-95af-4fed-9893-094c409e9731_0e4e47f6-26b3-4789-afc8-355c042b3659",
                     "value": "b%3A0"
                  }
               ],
               "title": "CO2 Emission from Idle VMs",
               "type": "Heatmap"
            },
            {
               "collapsed": false,
               "config": {
                  "configs": [{
                     "attributeKind": {"value": ""},
                     "color": {
                        "maxValue": 100,
                        "minValue": 0,
                        "thresholds": {
                           "colors": [
                              "#00ff00",
                              "#FF9900",
                              "#ff0000"
                           ],
                           "values": [
                              0,
                              50,
                              100
                           ]
                        }
                     },
                     "colorBy": {
                        "metricKey": "Super Metric|sm_2d401b97-0f99-4997-8a1a-75024ad18a23",
                        "value": "Super Metric|Power Wasted by Idle VMs (W)"
                     },
                     "focusOnGroups": true,
                     "groupBy": {
                        "id": "004null002006VMWAREDatacenter",
                        "originalText": "Datacenter",
                        "parentId": "VMWARE",
                        "parentText": "vCenter Adapter",
                        "text": "Datacenter",
                        "type": "resourceKind",
                        "typeId": "resourceKind:id:0_::_"
                     },
                     "mode": {"mode": false},
                     "name": "Power Usage",
                     "relationalGrouping": false,
                     "resourceKind": "resourceKind:id:1_::_",
                     "sizeBy": {
                        "metricKey": "summary|total_number_hosts",
                        "value": "Summary|Total Number of Hosts"
                     },
                     "solidColoring": false,
                     "tagFilter": null,
                     "thenBy": null
                  }],
                  "refreshContent": {"refreshContent": true},
                  "refreshInterval": 300,
                  "title": "Wasted Power from Idle VMs",
                  "value": 0
               },
               "gridsterCoords": {
                  "h": 5,
                  "w": 12,
                  "x": 1,
                  "y": 1
               },
               "height": 267,
               "id": "f3607b30-ada7-4c80-98c4-74c6459c83bb",
               "states": [
                  {
                     "key": "permBtn_showTextBtn_perm_HeatMap_widget_befcbcbd-95af-4fed-9893-094c409e9731_f3607b30-ada7-4c80-98c4-74c6459c83bb",
                     "value": "b%3A0"
                  },
                  {
                     "key": "permBtn_zoomInBtn_perm_HeatMap_widget_befcbcbd-95af-4fed-9893-094c409e9731_f3607b30-ada7-4c80-98c4-74c6459c83bb",
                     "value": "b%3A0"
                  },
                  {
                     "key": "perm_toolbarVisible_widget_befcbcbd-95af-4fed-9893-094c409e9731_f3607b30-ada7-4c80-98c4-74c6459c83bb",
                     "value": "b%3A0"
                  },
                  {
                     "key": "perm_HeatMap_widget_befcbcbd-95af-4fed-9893-094c409e9731_f3607b30-ada7-4c80-98c4-74c6459c83bb",
                     "value": "o%3A"
                  }
               ],
               "title": "Wasted Power from Idle VMs",
               "type": "Heatmap"
            },
            {
               "collapsed": false,
               "config": {
                  "configs": [{
                     "attributeKind": {"value": ""},
                     "color": {
                        "maxValue": 1,
                        "minValue": 0,
                        "thresholds": {
                           "colors": [
                              "#00ff00",
                              "#888800",
                              "#ff0000"
                           ],
                           "values": [
                              0,
                              50,
                              100
                           ]
                        }
                     },
                     "colorBy": {
                        "metricKey": "Super Metric|sm_19f8bf19-6806-4df5-8913-987f89d3e974",
                        "value": "Super Metric|Trees to compensate Idle VMs CO2 Emission"
                     },
                     "focusOnGroups": true,
                     "groupBy": {
                        "id": "004null002006VMWAREDatacenter",
                        "originalText": "Datacenter",
                        "parentId": "VMWARE",
                        "parentText": "vCenter Adapter",
                        "text": "Datacenter",
                        "type": "resourceKind",
                        "typeId": "resourceKind:id:0_::_"
                     },
                     "mode": {"mode": false},
                     "name": "Trees",
                     "relationalGrouping": false,
                     "resourceKind": "resourceKind:id:1_::_",
                     "sizeBy": {
                        "metricKey": null,
                        "value": ""
                     },
                     "solidColoring": false,
                     "tagFilter": null,
                     "thenBy": null
                  }],
                  "refreshContent": {"refreshContent": false},
                  "refreshInterval": 300,
                  "title": "Trees Required to Compensate",
                  "value": 0
               },
               "gridsterCoords": {
                  "h": 8,
                  "w": 6,
                  "x": 7,
                  "y": 6
               },
               "height": 438,
               "id": "3b72b35e-4544-4672-8df3-e6562eccf0b2",
               "states": [
                  {
                     "key": "perm_toolbarVisible_widget_befcbcbd-95af-4fed-9893-094c409e9731_3b72b35e-4544-4672-8df3-e6562eccf0b2",
                     "value": "b%3A0"
                  },
                  {
                     "key": "permBtn_showTextBtn_perm_HeatMap_widget_befcbcbd-95af-4fed-9893-094c409e9731_3b72b35e-4544-4672-8df3-e6562eccf0b2",
                     "value": "b%3A0"
                  },
                  {
                     "key": "perm_HeatMap_widget_befcbcbd-95af-4fed-9893-094c409e9731_3b72b35e-4544-4672-8df3-e6562eccf0b2",
                     "value": "o%3A"
                  },
                  {
                     "key": "permBtn_zoomInBtn_perm_HeatMap_widget_befcbcbd-95af-4fed-9893-094c409e9731_3b72b35e-4544-4672-8df3-e6562eccf0b2",
                     "value": "b%3A0"
                  }
               ],
               "title": "Trees Required to Compensate",
               "type": "Heatmap"
            },
            {
               "collapsed": false,
               "config": {
                  "editorData": "This dashboard shows the power generated by Idle VMs. While each VM only consumes a tiny amount of power (0.x - 2 Watts), collectively and over time they add up. The dashboard aggregates the number per cluster, so you can tell which clusters have a lot of Idle VMs.<div>Other areas of potential savings that you can add are:<\/div><div>1. Idle ESXi. You can consolidate your hosts, and then power off idle hosts.<\/div><div>2. Powered Off VMs. You can free up the disk space consumed. This avoids buying new storage. Calculate the potential power requirements by the new storage<\/div><div>3. Old hardware. You can do hardware tech refresh, where you reduce your infrastructure foot print.<br><div><div><br><\/div><\/div><\/div>",
                  "locationFile": "",
                  "locationUrl": "",
                  "refreshContent": {"refreshContent": false},
                  "refreshInterval": 300,
                  "title": "Read Me",
                  "titleLocalized": "Read Me",
                  "viewModeHTML": true
               },
               "gridsterCoords": {
                  "h": 4,
                  "w": 12,
                  "x": 1,
                  "y": 14
               },
               "height": 210,
               "id": "40544ef6-37a2-41ca-a8ff-4ab6d74d3531",
               "title": "Read Me",
               "type": "TextDisplay"
            }
         ]
      },
      {
         "autoswitchEnabled": false,
         "columnCount": 1,
         "columnProportion": "1",
         "creationTime": 1559918277508,
         "dashboardNavigations": {},
         "description": "",
         "disabled": false,
         "gridsterMaxColumns": 12,
         "hidden": false,
         "homeTab": false,
         "id": "87be56a7-f611-4c1e-8607-0b06504d27ef",
         "importAttempts": 0,
         "importComplete": true,
         "isDefault": false,
         "locked": false,
         "name": "Environmental Savings",
         "rank": 84,
         "shared": true,
         "temporary": false,
         "userId": "4ecd17af-2bd9-44ef-977d-877c795dfcf9",
         "widgetInteractions": [],
         "widgets": [
            {
               "collapsed": false,
               "config": {
                  "chartViewItems": ["legend"],
                  "refreshContent": {"refreshContent": false},
                  "refreshInterval": 300,
                  "resource": {
                     "adapterKindId": "VMWARE",
                     "allowDrag": true,
                     "allowDrop": true,
                     "checked": null,
                     "children": null,
                     "cls": "",
                     "depth": 1,
                     "expandable": true,
                     "expanded": false,
                     "glyph": "",
                     "href": "",
                     "hrefTarget": "",
                     "icon": "",
                     "iconCls": "resknd_default_vmware_vsphereworld",
                     "iconSrc": "images/resknd/default/16x16/VMWARE_vSphere World.png",
                     "id": "4b314673-1a74-4261-ab0b-111f0a5e8441",
                     "index": 0,
                     "isFirst": true,
                     "isLast": true,
                     "leaf": false,
                     "loaded": false,
                     "loading": false,
                     "nodeType": "resource",
                     "parentId": "source",
                     "qshowDelay": 0,
                     "qtip": "",
                     "qtitle": "",
                     "resourceId": "resource:id:0_::_",
                     "resourceKindId": "002006VMWAREvSphere World",
                     "resourceKindKey": "vSphere World",
                     "resourceKindName": "vSphere World",
                     "resourceKindType": 8,
                     "resourceName": "vSphere World",
                     "root": false,
                     "rootResourceId": "4b314673-1a74-4261-ab0b-111f0a5e8441",
                     "text": "vSphere World",
                     "traversalSpecId": "vSphere Hosts and Clusters-VMWARE-vSphere World",
                     "uniqueId": "4b314673-1a74-4261-ab0b-111f0a5e8441_1560423601927",
                     "visible": true
                  },
                  "selectFirstRow": {"selectFirstRow": false},
                  "selfProvider": {"selfProvider": true},
                  "title": "Daily Power Consumption (kWH)",
                  "traversalSpecId": null,
                  "viewDefinitionId": "7d4ae685-9139-4077-8ba0-394ca4615cd8"
               },
               "gridsterCoords": {
                  "h": 7,
                  "w": 6,
                  "x": 1,
                  "y": 7
               },
               "height": 381,
               "id": "e89d5f2f-32a5-4245-a6be-a6dc07f0a2d0",
               "title": "Daily Power Consumption (kWH)",
               "type": "View"
            },
            {
               "collapsed": false,
               "config": {
                  "chartViewItems": ["legend"],
                  "refreshContent": {"refreshContent": false},
                  "refreshInterval": 300,
                  "resource": {
                     "adapterKindId": "VMWARE",
                     "allowDrag": true,
                     "allowDrop": true,
                     "checked": null,
                     "children": null,
                     "cls": "",
                     "depth": 1,
                     "expandable": true,
                     "expanded": false,
                     "glyph": "",
                     "href": "",
                     "hrefTarget": "",
                     "icon": "",
                     "iconCls": "resknd_default_vmware_vsphereworld",
                     "iconSrc": "images/resknd/default/16x16/VMWARE_vSphere World.png",
                     "id": "4b314673-1a74-4261-ab0b-111f0a5e8441",
                     "index": 0,
                     "isFirst": true,
                     "isLast": true,
                     "leaf": false,
                     "loaded": false,
                     "loading": false,
                     "nodeType": "resource",
                     "parentId": "source",
                     "qshowDelay": 0,
                     "qtip": "",
                     "qtitle": "",
                     "resourceId": "resource:id:0_::_",
                     "resourceKindId": "002006VMWAREvSphere World",
                     "resourceKindKey": "vSphere World",
                     "resourceKindName": "vSphere World",
                     "resourceKindType": 8,
                     "resourceName": "vSphere World",
                     "root": false,
                     "rootResourceId": "4b314673-1a74-4261-ab0b-111f0a5e8441",
                     "text": "vSphere World",
                     "traversalSpecId": "vSphere Hosts and Clusters-VMWARE-vSphere World",
                     "uniqueId": "4b314673-1a74-4261-ab0b-111f0a5e8441_1560423540304",
                     "visible": true
                  },
                  "selectFirstRow": {"selectFirstRow": false},
                  "selfProvider": {"selfProvider": true},
                  "title": "Daily CO2 Emission (Kg)",
                  "traversalSpecId": null,
                  "viewDefinitionId": "7d4ae685-9139-4077-8ba0-394ca4615cd8"
               },
               "gridsterCoords": {
                  "h": 7,
                  "w": 6,
                  "x": 7,
                  "y": 7
               },
               "height": 381,
               "id": "682144a5-b8eb-4801-8159-b8fbd21bfd2e",
               "states": [{
                  "key": "perm_toolbarVisible_widget_87be56a7-f611-4c1e-8607-0b06504d27ef_682144a5-b8eb-4801-8159-b8fbd21bfd2e",
                  "value": "b%3A0"
               }],
               "title": "Daily CO2 Emission (Kg)",
               "type": "View"
            },
            {
               "collapsed": false,
               "config": {
                  "boxColumns": 3,
                  "boxHeight": null,
                  "labelSize": 12,
                  "maxCellCount": 100,
                  "metric": {
                     "mode": "resource",
                     "resourceKindMetrics": [],
                     "resourceMetrics": [
                        {
                           "colorMethod": 0,
                           "id": "extModel11727-1",
                           "isStringMetric": false,
                           "label": "Before (KW)",
                           "link": "",
                           "metricKey": "Super Metric|sm_3eef6ac1-9fd9-468f-9d28-849d150230ea",
                           "metricName": "Super Metric|Power Usage before Virtualization (KW)",
                           "metricUnitId": "KW",
                           "orangeBound": 0.2,
                           "redBound": 0.3,
                           "resourceId": "resource:id:0_::_",
                           "resourceKindId": "002006VMWAREvSphere World",
                           "resourceName": "vSphere World",
                           "unit": "KW",
                           "yellowBound": 0.1
                        },
                        {
                           "colorMethod": 0,
                           "id": "extModel11727-2",
                           "isStringMetric": false,
                           "label": "After (KW)",
                           "link": "",
                           "metricKey": "Super Metric|sm_858f787e-35e3-4958-a11a-b2dca76be46f",
                           "metricName": "Super Metric|Power Usage after Virtualization (KW)",
                           "metricUnitId": "KW",
                           "orangeBound": 200000,
                           "redBound": 300000,
                           "resourceId": "resource:id:0_::_",
                           "resourceKindId": "002006VMWAREvSphere World",
                           "resourceName": "vSphere World",
                           "unit": "KW",
                           "yellowBound": 100000
                        },
                        {
                           "colorMethod": 2,
                           "id": "extModel23756-1",
                           "isStringMetric": false,
                           "label": "Monthly Cost Savings ($)",
                           "link": "",
                           "metricKey": "Super Metric|sm_64abbe8a-12da-4635-9cc5-2b2660183736",
                           "metricName": "Super Metric|Monthly Cost Savings ($)",
                           "metricUnitId": "$",
                           "orangeBound": null,
                           "redBound": null,
                           "resourceId": "resource:id:0_::_",
                           "resourceKindId": "002006VMWAREvSphere World",
                           "resourceName": "vSphere World",
                           "unit": "$",
                           "yellowBound": null
                        }
                     ]
                  },
                  "mode": {"layoutMode": "fixedView"},
                  "periodLength": null,
                  "refreshContent": {"refreshContent": false},
                  "refreshInterval": 300,
                  "relationshipMode": 0,
                  "resInteractionMode": null,
                  "roundDecimals": 0,
                  "selfProvider": {"selfProvider": true},
                  "showDT": {"showDT": true},
                  "showMetricName": {"showMetricName": true},
                  "showMetricUnit": {"showMetricUnit": false},
                  "showResourceName": {"showResourceName": false},
                  "showSparkline": {"showSparkline": false},
                  "title": "Power Consumption (Live!)",
                  "valueSize": 24,
                  "visualTheme": 4
               },
               "gridsterCoords": {
                  "h": 3,
                  "w": 6,
                  "x": 1,
                  "y": 4
               },
               "height": 153,
               "id": "4f3fb2a8-7eac-41d0-a3d3-50018819544f",
               "title": "Power Consumption (Live!)",
               "type": "Scoreboard"
            },
            {
               "collapsed": false,
               "config": {
                  "boxColumns": 2,
                  "boxHeight": null,
                  "labelSize": 12,
                  "maxCellCount": 100,
                  "metric": {
                     "mode": "resource",
                     "resourceKindMetrics": [
                        {
                           "colorMethod": 1,
                           "id": "extModel9252-1",
                           "isStringMetric": false,
                           "label": "Before",
                           "link": "",
                           "metricKey": "cpu|demandmhz",
                           "metricName": "CPU|Demand",
                           "metricUnitId": -1,
                           "orangeBound": null,
                           "redBound": null,
                           "resourceKindId": "resourceKind:id:2_::_",
                           "resourceKindName": "Virtual Machine",
                           "unit": "Auto",
                           "yellowBound": null
                        },
                        {
                           "colorMethod": 1,
                           "id": "extModel9252-2",
                           "isStringMetric": false,
                           "label": "After",
                           "link": "",
                           "metricKey": "cpu|demandPct",
                           "metricName": "CPU|Demand",
                           "metricUnitId": -1,
                           "orangeBound": null,
                           "redBound": null,
                           "resourceKindId": "resourceKind:id:2_::_",
                           "resourceKindName": "Virtual Machine",
                           "unit": "Auto",
                           "yellowBound": null
                        }
                     ],
                     "resourceMetrics": [
                        {
                           "colorMethod": 0,
                           "id": "extModel35660-1",
                           "isStringMetric": false,
                           "label": "Before (Kg)",
                           "link": "",
                           "metricKey": "Super Metric|sm_de53fdb5-18c1-47c6-b5bb-f191b50748e0",
                           "metricName": "Super Metric|CO2 Emission before Virtualization (Kg)",
                           "metricUnitId": "Kg",
                           "orangeBound": 0.2,
                           "redBound": 0.3,
                           "resourceId": "resource:id:0_::_",
                           "resourceKindId": "002006VMWAREvSphere World",
                           "resourceName": "vSphere World",
                           "unit": "Kg",
                           "yellowBound": 0.1
                        },
                        {
                           "colorMethod": 0,
                           "id": "extModel58212-1",
                           "isStringMetric": false,
                           "label": "After (Kg)",
                           "link": "",
                           "metricKey": "Super Metric|sm_7b179b78-6be3-49a8-9a2c-78bf681f0d81",
                           "metricName": "Super Metric|CO2 Emission after Virtualization (Kg)",
                           "metricUnitId": "Kg",
                           "orangeBound": 1000001,
                           "redBound": 1000002,
                           "resourceId": "resource:id:0_::_",
                           "resourceKindId": "002006VMWAREvSphere World",
                           "resourceName": "vSphere World",
                           "unit": "Kg",
                           "yellowBound": 1000000
                        }
                     ]
                  },
                  "mode": {"layoutMode": "fixedView"},
                  "periodLength": null,
                  "refreshContent": {"refreshContent": false},
                  "refreshInterval": 300,
                  "relationshipMode": 0,
                  "resInteractionMode": null,
                  "roundDecimals": 0,
                  "selfProvider": {"selfProvider": true},
                  "showDT": {"showDT": true},
                  "showMetricName": {"showMetricName": true},
                  "showMetricUnit": {"showMetricUnit": false},
                  "showResourceName": {"showResourceName": false},
                  "showSparkline": {"showSparkline": false},
                  "title": "CO2 Emission (Live!)",
                  "valueSize": 24,
                  "visualTheme": 4
               },
               "gridsterCoords": {
                  "h": 3,
                  "w": 6,
                  "x": 7,
                  "y": 4
               },
               "height": 153,
               "id": "6dc71623-20eb-41e3-a4d4-77fbef0b6bdd",
               "title": "CO2 Emission (Live!)",
               "type": "Scoreboard"
            },
            {
               "collapsed": false,
               "config": {
                  "chartViewItems": [],
                  "refreshContent": {"refreshContent": false},
                  "refreshInterval": 300,
                  "resource": {
                     "adapterKindId": "VMWARE",
                     "allowDrag": true,
                     "allowDrop": true,
                     "checked": null,
                     "children": null,
                     "cls": "",
                     "depth": 1,
                     "expandable": true,
                     "expanded": false,
                     "glyph": "",
                     "href": "",
                     "hrefTarget": "",
                     "icon": "",
                     "iconCls": "resknd_default_vmware_vsphereworld",
                     "iconSrc": "images/resknd/default/16x16/VMWARE_vSphere World.png",
                     "id": "4b314673-1a74-4261-ab0b-111f0a5e8441",
                     "index": 0,
                     "isFirst": true,
                     "isLast": true,
                     "leaf": false,
                     "loaded": false,
                     "loading": false,
                     "nodeType": "resource",
                     "parentId": "source",
                     "qshowDelay": 0,
                     "qtip": "",
                     "qtitle": "",
                     "resourceId": "resource:id:0_::_",
                     "resourceKindId": "002006VMWAREvSphere World",
                     "resourceKindKey": "vSphere World",
                     "resourceKindName": "vSphere World",
                     "resourceKindType": 8,
                     "resourceName": "vSphere World",
                     "root": false,
                     "rootResourceId": "4b314673-1a74-4261-ab0b-111f0a5e8441",
                     "text": "vSphere World",
                     "traversalSpecId": "vSphere Hosts and Clusters-VMWARE-vSphere World",
                     "uniqueId": "4b314673-1a74-4261-ab0b-111f0a5e8441_1560833417379",
                     "visible": true
                  },
                  "selectFirstRow": {"selectFirstRow": false},
                  "selfProvider": {"selfProvider": true},
                  "title": ".",
                  "traversalSpecId": null,
                  "viewDefinitionId": "f02366e8-b9f2-49d3-90b6-98ffa02e1a91"
               },
               "gridsterCoords": {
                  "h": 3,
                  "w": 12,
                  "x": 1,
                  "y": 1
               },
               "height": 153,
               "id": "358bc403-e7dc-4cb4-a452-9a63e92be0e9",
               "title": ".",
               "type": "View"
            },
            {
               "collapsed": false,
               "config": {
                  "editorData": "<span style=\"color: rgb(0, 0, 0);\">This dashboard compares <\/span><font color=\"#ff0000\"><b>physical <\/b><\/font>vs <b style=\"\"><font color=\"#339966\">virtual<\/font><\/b>.&nbsp;<div>Physical means every single VM was a physical server, albeit much smaller than an ESXi Host. While a small physical server draws a lot less power than ESXi, it adds up, especially over time.<div style=\"\"><span style=\"color: rgb(0, 0, 0);\"><br><\/span><\/div><div style=\"\"><span style=\"color: rgb(0, 0, 0);\">The cost savings is based on $0.106 per <\/span><font color=\"#339966\">KWh <\/font>hour. If your electricity cost differs, change the super metric <b style=\"color: rgb(0, 0, 0);\">Monthly Cost Savings<\/b>.<\/div><\/div><div style=\"\"><br><\/div><div style=\"\">The value here is <b>conservative <\/b>as it only takes server. Your savings is larger because<\/div><div style=\"\"><ol><li>Less network equipment: switches, load balancers, firewalls, etc.<\/li><li>Less UPS<\/li><li>Less Data Center footprint.<\/li><\/ol><div>If you are using vSAN, you can also compare the power savings vs physical array.<\/div><\/div>",
                  "locationFile": "",
                  "locationUrl": "",
                  "refreshContent": {"refreshContent": false},
                  "refreshInterval": 300,
                  "title": "Read Me",
                  "titleLocalized": "Read Me",
                  "viewModeHTML": true
               },
               "gridsterCoords": {
                  "h": 6,
                  "w": 12,
                  "x": 1,
                  "y": 14
               },
               "height": 324,
               "id": "153c981c-1886-4e67-afe6-beeb61a43405",
               "title": "Read Me",
               "type": "TextDisplay"
            }
         ]
      }
   ],
   "entries": {
      "resource": [{
         "adapterKindKey": "VMWARE",
         "identifiers": [],
         "internalId": "resource:id:0_::_",
         "name": "vSphere World",
         "resourceKindKey": "vSphere World"
      }],
      "resourceKind": [
         {
            "adapterKindKey": "VMWARE",
            "internalId": "resourceKind:id:0_::_",
            "resourceKindKey": "Datacenter"
         },
         {
            "adapterKindKey": "VMWARE",
            "internalId": "resourceKind:id:2_::_",
            "resourceKindKey": "VirtualMachine"
         },
         {
            "adapterKindKey": "VMWARE",
            "internalId": "resourceKind:id:1_::_",
            "resourceKindKey": "ClusterComputeResource"
         }
      ]
   },
   "uuid": "7635ed5e-7f0d-4475-b093-31f4e29bd778"
}